doi	id	style	ref_string
10.1016/0003-2697(85)90071-5	0	turabian-fullnote-bibliography	Suresh, M.R., and C. Milstein. “A Direct Antigen-Binding Assa to Screen Hybridoma Supernatants.” Analytical Biochemistry 151, no. 1 (November 1985): 192–195. http://dx.doi.org/10.1016/0003-2697(85)90071-5.
10.1016/0024-3841(80)90029-7	1	modern-language-association	Prideaux, Gary D. “In Rejection of Autonomous Linguistics.” Lingua 50.3 (1980): 245–247. Crossref. Web.
10.1016/0024-3841(80)90029-7	1	american-sociological-association	Prideaux, Gary D. 1980. “In Rejection of Autonomous Linguistics.” Lingua 50(3):245–47. Retrieved (http://dx.doi.org/10.1016/0024-3841(80)90029-7).
10.1093/rheumatology/11.6.281	2	turabian-fullnote-bibliography	OWEN-SMITH, B. D., and H. C. BURRY. “IBUPROFEN IN THE MANAGEMENTT OF OSTEOARTHROSIS OF THE HIP.” Rheumatology 11, no. 6 (1972): 281–286. http://dx.doi.org/10.1093/rheumatology/11.6.281.
10.1093/oseo/instance.00016480	3	ieee	[1]T. Flatman, “On Mrs. E. Montague’s Blushing in the Cross-Bath,” Minor Poets of the Caroline Period, Vol. 3: John Cleveland, Thomas Stanley, Henry King, Thomas Flatman, Nathaniel Whiting, pp. 361–361, Jan. 1682.
10.1093/oseo/instance.00016480	3	american-sociological-association	Flatman, Thomas. 1682. “On Mrs. E. Montague’s Blushing in the Cross-Bath” edited by George Saintsbury. Minor Poets of the Caroline Period, Vol. 3: John Cleveland, Thomas Stanley, Henry King, Thomas Flatman, Nathaniel Whiting 361–361. Retrieved (http://dx.doi.org/10.1093/oseo/instance.00016480).
10.1002/cncr.24186	4	modern-language-association	Gray, Stacy W. et al. “Colon Cancer Patient Information Seeking and the Adoption of Targeted Therapy for on-Label and Off-Label Indications.” Cancer 115.7 (2009): 1424–1434. Crossref. Web.
10.1002/cncr.24186	4	apa	Gray, S. W., Armstrong, K., DeMichele, A., Schwartz, J. S., & Hornik, R. C. (2009). Colon cancer patient information seeking and the adoption of targeted therapy for on-label and off-label indications. Cancer, 115(7), 1424–1434. doi:10.1002/cncr.24186
10.1002/cncr.24186	4	american-medical-association	1. Gray SW, Armstrong K, DeMichele A, Schwartz JS, Hornik RC. Colon cancer patient information seeking and the adoption of targeted therapy for on-label and off-label indications. Cancer. 2009;115(7):1424–1434. doi:10.1002/cncr.24186.
10.1002/cncr.24186	4	council-of-science-editors	1. Gray SW, Armstrong K, DeMichele A, Schwartz JS, Hornik RC. Colon cancer patient information seeking and the adoption of targeted therapy for on-label and off-label indications. Cancer [Internet]. 2009 April 1;115(7):1424–1434. Available from: http://dx.doi.org/10.1002/cncr.24186
10.1007/bf01675520	5	modern-language-association	v. Thurzó, Eugen. “Die Bikolorierte Mastixreaktion Und Über Die Allgemeine Diagnostische Bedeutung Der Kolloidreaktionen.” Deutsche Zeitschrift für Nervenheilkunde 91.4-6 (1926): 254–295. Crossref. Web.
10.1007/bf01675520	5	iso690-author-date-en	V. THURZÓ, Eugen, 1926, Die bikolorierte Mastixreaktion und über die allgemeine diagnostische Bedeutung der Kolloidreaktionen. Deutsche Zeitschrift für Nervenheilkunde [online]. May 1926. Vol. 91, no. 4-6, p. 254–295. DOI 10.1007/bf01675520. Available from: http://dx.doi.org/10.1007/bf01675520
10.1007/bf01675520	5	chicago-annotated-bibliography	v. Thurzó, Eugen. “Die Bikolorierte Mastixreaktion Und Über Die Allgemeine Diagnostische Bedeutung Der Kolloidreaktionen.” Deutsche Zeitschrift Für Nervenheilkunde 91, no. 4–6 (May 1926): 254–295. doi:10.1007/bf01675520.
10.1007/bf01675520	5	ieee	[1]E. v. Thurzó, “Die bikolorierte Mastixreaktion und über die allgemeine diagnostische Bedeutung der Kolloidreaktionen,” Deutsche Zeitschrift für Nervenheilkunde, vol. 91, no. 4–6, pp. 254–295, May 1926.
10.1002/app.35676	6	american-medical-association	1. Li P, Hu X, Song G, Chu PK, Xu Z. Facile preparation of cationic P (St-BA-METAC) copolymer nanoparticles and the investigation of their interaction with bovine serum albumin. Journal of Applied Polymer Science. 2011;125(2):864–869. doi:10.1002/app.35676.
10.1002/app.35676	6	acm-sig-proceedings	[1]Li, P. et al. 2011. Facile preparation of cationic P (St-BA-METAC) copolymer nanoparticles and the investigation of their interaction with bovine serum albumin. Journal of Applied Polymer Science. 125, 2 (Dec. 2011), 864–869.
10.1002/app.35676	6	iso690-author-date-en	LI, Penghui, HU, Xiaoxi, SONG, Gongwu, CHU, Paul K. and XU, Zushun, 2011, Facile preparation of cationic P (St-BA-METAC) copolymer nanoparticles and the investigation of their interaction with bovine serum albumin. Journal of Applied Polymer Science [online]. 28 December 2011. Vol. 125, no. 2, p. 864–869. DOI 10.1002/app.35676. Available from: http://dx.doi.org/10.1002/app.35676
10.2307/2382841	7	modern-humanities-research-association	Cieslik, Huber, and Josef Franz Schutte, ‘Valignanos Missiongrundasatze Fur Japan.’, Monumenta Nipponica, 15 (1959), 195 <doi:10.2307/2382841>
10.2307/2382841	7	american-chemical-society-author-date	Cieslik, H.; Schutte, J. F. Valignanos Missiongrundasatze Fur Japan. Monumenta Nipponica 1959, 15, 195.
10.2307/2382841	7	apa	Cieslik, H., & Schutte, J. F. (1959). Valignanos Missiongrundasatze fur Japan. Monumenta Nipponica, 15(1/2), 195. doi:10.2307/2382841
10.1038/ki.1995.249	8	turabian-fullnote-bibliography	Beeri, Ronen, Zvi Symon, Mayer Brezis, Samuel A. Ben-Sasson, Paul H. Baehr, Seymour Rosen, and Richard A. Zager. “Rapid DNA Fragmentation from Hypoxia Along the Thick Ascending Limb of Rat Kidneys.” Kidney International 47, no. 6 (June 1995): 1806–1810. http://dx.doi.org/10.1038/ki.1995.249.
10.1038/ki.1995.249	8	iso690-author-date-en	BEERI, Ronen, SYMON, Zvi, BREZIS, Mayer, BEN-SASSON, Samuel A., BAEHR, Paul H., ROSEN, Seymour and ZAGER, Richard A., 1995, Rapid DNA fragmentation from hypoxia along the thick ascending limb of rat kidneys. Kidney International [online]. June 1995. Vol. 47, no. 6, p. 1806–1810. DOI 10.1038/ki.1995.249. Available from: http://dx.doi.org/10.1038/ki.1995.249
10.1210/jcem-37-4-526	9	american-medical-association	1. SIEGEL SJ, LINE WF, YANG NS-T, KWONG A, FRANK C. Solid-Phase Triiodothyronine Radioimmunoassay. The Journal of Clinical Endocrinology & Metabolism. 1973;37(4):526–532. doi:10.1210/jcem-37-4-526.
10.1210/jcem-37-4-526	9	council-of-science-editors	1. SIEGEL SJ, LINE WF, YANG NS-T, KWONG A, FRANK C. Solid-Phase Triiodothyronine Radioimmunoassay. The Journal of Clinical Endocrinology & Metabolism [Internet]. 1973 October;37(4):526–532. Available from: http://dx.doi.org/10.1210/jcem-37-4-526
10.18356/f0edc904-en	10	chicago-annotated-bibliography	“Allocation of Resourcess and Problems of Imbalance” (December 31, 1958). doi:10.18356/f0edc904-en.
10.1111/j.1749-6632.1982.tb37444.x	11	council-of-science-editors	1. Zicha J, Křeček J, Dlouhá H. AGE-DEPENDENT SALT HYPERTENSION IN BRATTLEBORO RATS: A HEMODYNAMIC ANALYSIS. Annals of the New York Academy of Sciences [Internet]. 1982 October;394(1 The Brattlebo):330–342. Available from: http://dx.doi.org/10.1111/j.1749-6632.1982.tb37444.x
10.1111/j.1749-6632.1982.tb37444.x	11	turabian-fullnote-bibliography	Zicha, J., J. Křeček, and H. Dlouhá. “AGE-DEPENDENT SALT HYPERTENSION IN BRATTLEBORO RATS: A HEMODYNAMIC ANALYSIS.” Annals of the New York Academy of Sciences 394, no. 1 The Brattlebo (October 1982): 330–342. http://dx.doi.org/10.1111/j.1749-6632.1982.tb37444.x.
10.1111/j.1749-6632.1982.tb37444.x	11	american-sociological-association	Zicha, J., J. Křeček, and H. Dlouhá. 1982. “AGE-DEPENDENT SALT HYPERTENSION IN BRATTLEBORO RATS: A HEMODYNAMIC ANALYSIS.” Annals of the New York Academy of Sciences 394(1 The Brattlebo):330–42. Retrieved (http://dx.doi.org/10.1111/j.1749-6632.1982.tb37444.x).
10.1111/j.1749-6632.1982.tb37444.x	11	modern-language-association	Zicha, J., J. Křeček, and H. Dlouhá. “AGE-DEPENDENT SALT HYPERTENSION IN BRATTLEBORO RATS: A HEMODYNAMIC ANALYSIS.” Annals of the New York Academy of Sciences 394.1 The Brattlebo (1982): 330–342. Crossref. Web.
10.1080/00313220307592	12	american-sociological-association	Lentin, Ronit. 2003. “Pregnant Silence: (en)gendering Ireland’s Asylum Space.” Patterns of Prejudice 37(3):301–22. Retrieved (http://dx.doi.org/10.1080/00313220307592).
10.1016/b978-0-240-81070-6.00021-1	13	council-of-science-editors	1. Anon. Managing and Supporting Multiple Projects. Producing Games [Internet]. 2010:149–152. Available from: http://dx.doi.org/10.1016/b978-0-240-81070-6.00021-1
10.1016/b978-0-240-81070-6.00021-1	13	american-sociological-association	Anon. 2010. “Managing and Supporting Multiple Projects.” Producing Games 149–52. Retrieved (http://dx.doi.org/10.1016/b978-0-240-81070-6.00021-1).
10.1123/jlas.2015-0010	14	apa	Baker, T. A. (2015). Editor’s NoteBaker, T.A. & Connaughton, D.P. (2003). Cureton v. NCAA: A blow-by-blow account of the landmark Title VI challenges and their recent implications. Journal of Legal Aspects of Sport, 13, 145–179. Journal of Legal Aspects of Sport, 25(2), 73–74. doi:10.1123/jlas.2015-0010
10.1002/9780470642818.app2	15	turabian-fullnote-bibliography	“Appendix B: (Chapter 7).” Microcellular Injection Molding (July 21, 2010): 587–588. http://dx.doi.org/10.1002/9780470642818.app2.
10.1002/9780470642818.app2	15	council-of-science-editors	1. Anon. Appendix B: (Chapter 7). Microcellular Injection Molding [Internet]. 2010 July 21:587–588. Available from: http://dx.doi.org/10.1002/9780470642818.app2
10.1002/9780470642818.app2	15	chicago-annotated-bibliography	“Appendix B: (Chapter 7).” Microcellular Injection Molding (July 21, 2010): 587–588. doi:10.1002/9780470642818.app2.
10.1103/physrevb.87.195134	16	iso690-author-date-en	IACONIS, Jason, INGLIS, Stephen, KALLIN, Ann B. and MELKO, Roger G., 2013, Detecting classical phase transitions with Renyi mutual information. Physical Review B [online]. 28 May 2013. Vol. 87, no. 19. DOI 10.1103/physrevb.87.195134. Available from: http://dx.doi.org/10.1103/physrevb.87.195134
10.1016/s0160-3450(15)30458-x	17	american-chemical-society-author-date	Gordon Taylor, H. Family Violence and the Community Pharmacist. American Pharmacy 1994, 34, 41–44.
10.1016/s0160-3450(15)30458-x	17	apa	Gordon Taylor, H. (1994). Family Violence and the Community Pharmacist. American Pharmacy, 34(4), 41–44. doi:10.1016/s0160-3450(15)30458-x
10.1524/zpch.1974.92.1-3.163	18	iso690-author-date-en	BENNDORF, C. and THIEME, F., 1974, Zur Bedeckungsabhängigkeit der Desorptionsaktivierungsenergie des Wasserstoffs vonNi-Aufdampfschichten. Zeitschrift für Physikalische Chemie [online]. September 1974. Vol. 92, no. 1-3, p. 163–166. DOI 10.1524/zpch.1974.92.1-3.163. Available from: http://dx.doi.org/10.1524/zpch.1974.92.1-3.163
10.1524/zpch.1974.92.1-3.163	18	chicago-annotated-bibliography	Benndorf, C., and F. Thieme. “Zur Bedeckungsabhängigkeit Der Desorptionsaktivierungsenergie Des Wasserstoffs vonNi-Aufdampfschichten.” Zeitschrift Für Physikalische Chemie 92, no. 1–3 (September 1974): 163–166. doi:10.1524/zpch.1974.92.1-3.163.
10.1524/zpch.1974.92.1-3.163	18	ieee	[1]C. Benndorf and F. Thieme, “Zur Bedeckungsabhängigkeit der Desorptionsaktivierungsenergie des Wasserstoffs vonNi-Aufdampfschichten,” Zeitschrift für Physikalische Chemie, vol. 92, no. 1–3, pp. 163–166, Sep. 1974.
10.1057/9780230337190_6	19	mcgill-en	Lorenzo, Oswaldo et al. “The next technology wave” (2011) The Long Conversation 102, online: <http://dx.doi.org/10.1057/9780230337190_6>.
10.1057/9780230337190_6	19	american-medical-association	1. Lorenzoo O, Kawalek P, González G, Ramdani B. The next technology wave. The Long Conversation. 2011:102–113. doi:10.1057/9780230337190_6.
10.1057/9780230337190_6	19	american-chemical-society-author-date	Lorenzo, O.; Kawalek, P.; González, G.; Ramdani, B. The Next Technology Wave. The Long Conversation 2011, 102–113.
10.1057/9780230337190_6	19	american-sociological-association	Lorenzo, Oswaldo, Peter Kawalek, Gastón González, and Boumediene Ramdani. 2011. “The Next Technology Wave.” The Long Conversation 102–13. Retrieved (http://dx.doi.org/10.1057/9780230337190_6).
10.2307/600516	20	modern-humanities-research-association	Srinivasan, Doris, ‘The Myth of the Panis in the Rig Veda’, Journal of the American Oriental Society, 93 (1973), 44 <doi:10.2307/600516>
10.2307/600516	20	american-sociological-association	Srinivasan, Doris. 1973. “The Myth of the Panis in the Rig Veda.” Journal of the American Oriental Society 93(1):44. Retrieved (http://dx.doi.org/10.2307/600516).
10.2307/600516	20	chicago-annotated-bibliography	Srinivasan, Doris. “The Myth of the Panis in the Rig Veda.” Journal of the American Oriental Society 93, no. 1 (January 1973): 44. doi:10.2307/600516.
10.1164/ajrccm-conference.2012.185.1_meetingabstracts.a1238	21	mcgill-en	Abdul Salam, Vahitha B et al. “Chloride Intracellular Channel Protein-4 In The Vascular Dysfunction Of Pulmonary Arterial Hypertension” (2012) A29 PATHOGENESIS OF PULMONARY HYPERTENSION, online: <http://dx.doi.org/10.1164/ajrccm-conference.2012.185.1_meetingabstracts.a1238>.
10.1093/ww/9780199540884.013.u29111	22	turabian-fullnote-bibliography	“Owen, Trevor Bryan, (born 3 April 1928), Chairman: Bethlem Royal and Maudsley Special Health Authority, 1988–94; Committee of Management, Institute of Psychiatry, 1990–97.” Who’s Who (December 1, 2007). http://dx.doi.org/10.1093/ww/9780199540884.013.u29111.
10.1093/ww/9780199540884.013.u29111	22	modern-humanities-research-association	‘Owen, Trevor Bryan, (born 3 April 1928), Chairman: Bethlem Royal and Maudsley Special Health Authority, 1988–94; Committee of Management, Institute of Psychiatry, 1990–97’, Who’s Who, 2007 <doi:10.1093/ww/9780199540884.013.u29111>
10.1016/j.apjtb.2017.09.023	23	iso690-author-date-en	KHALIL, Amira S., HUSSEIN, Nawfal R. and SHAMDEEN, Maida Y., 2017, Impact of maternal HBsAg carrier status on pregnancy outcomes in Duhok city, Iraq. Asian Pacific Journal of Tropical Biomedicine [online]. November 2017. Vol. 7, no. 11, p. 1010–1013. DOI 10.1016/j.apjtb.2017.09.023. Available from: http://dx.doi.org/10.1016/j.apjtb.2017.09.023
10.1016/j.apjtb.2017.09.023	23	mcgill-en	Khalil, Amira S, Nawfal R Hussein & Maida Y Shamdeen. “Impact of maternal HBsAg carrier status on pregnancy outcomes in Duhok city, Iraq” (2017) 7:11 Asian Pacific Journal of Tropical Biomedicine 1010, online: <http://dx.doi.org/10.1016/j.apjtb.2017.09.023>.
10.1016/j.apjtb.2017.09.023	23	american-sociological-association	Khalil, Amira S., Nawfal R. Hussein, and Maida Y. Shamdeen. 2017. “Impact of Maternal HBsAg Carrier Status on Pregnancy Outcomes in Duhok City, Iraq.” Asian Pacific Journal of Tropical Biomedicine 7(11):1010–13. Retrieved (http://dx.doi.org/10.1016/j.apjtb.2017.09.023).
10.1016/j.apjtb.2017.09.023	23	modern-humanities-research-association	Khalil, Amira S., Nawfal R. Hussein, and Maida Y. Shamdeen, ‘Impact of Maternal HBsAg Carrier Status on Pregnancy Outcomes in Duhok City, Iraq’, Asian Pacific Journal of Tropical Biomedicine, 7 (2017), 1010–1013 <doi:10.1016/j.apjtb.2017.09.023>
10.1093/shm/2.2.235	24	apa	CANTOR, D. (1989). Reviews. Social History of Medicine, 2(2), 235–236. doi:10.1093/shm/2.2.235
10.1093/shm/2.2.235	24	american-society-of-mechanical-engineers	[1] CANTOR D., 1989, “Reviews,” Social History of Medicine, 2(2), pp. 235–236.
10.1093/shm/2.2.235	24	mcgill-en	CANTOR, DAVID. “Reviews” (1989) 2:2 Social History of Medicine 235, online: <http://dx.doi.org/10.1093/shm/2.2.235>.
10.1093/shm/2.2.235	24	acm-sig-proceedings	[1]CANTOR, D. 1989. Reviews. Social History of Medicine. 2, 2 (1989), 235–236.
10.1086/302208	25	iso690-author-date-en	ZHAO, Hongyu, 1999, The Interpretation of the Parameters in the Transmission/Disequilibrium Test. The American Journal of Human Genetics [online]. January 1999. Vol. 64, no. 1, p. 326–328. DOI 10.1086/302208. Available from: http://dx.doi.org/10.1086/302208
10.1086/302208	25	acm-sig-proceedings	[1]Zhao, H. 1999. The Interpretation of the Parameters in the Transmission/Disequilibrium Test. The American Journal of Human Genetics. 64, 1 (Jan. 1999), 326–328.
10.7219/jjses.32.2_31	26	modern-humanities-research-association	OKADA, Yuuki, Yusuke SUENAGA, Daisuke TAKATA, Kazuya SHIRAHATA, and Takeo TAKAHASHI, ‘Examining Effectiveness of Three Circle Ball as a Task Game for Goal Type –ball Game’, Japanese Journal of Sport Education Studies, 32 (2013), 31–46 <doi:10.7219/jjses.32.2_31>
10.7219/jjses.32.2_31	26	american-sociological-association	OKADA, Yuuki, Yusuke SUENAGA, Daisuke TAKATA, Kazuya SHIRAHATA, and Takeo TAKAHASHI. 2013. “Examining Effectiveness of Three Circle Ball as a Task Game for Goal Type –ball Game.” Japanese Journal of Sport Education Studies 32(2):31–46. Retrieved (http://dx.doi.org/10.7219/jjses.32.2_31).
10.7219/jjses.32.2_31	26	council-of-science-editors	1. OKADA Y, SUENAGA Y, TAKATA D, SHIRAHATA K, TAKAHASHI T. Examining effectiveness of three circle ball as a task game for goal type –ball game. Japanese Journal of Sport Education Studies [Internet]. 2013;32(2):31–46. Available from: http://dx.doi.org/10.7219/jjses.32.2_31
10.7219/jjses.32.2_31	26	chicago-annotated-bibliography	OKADA, Yuuki, Yusuke SUENAGA, Daisuke TAKATA, Kazuya SHIRAHATA, and Takeo TAKAHASHI. “Examining Effectiveness of Three Circle Ball as a Task Game for Goal Type –ball Game.” Japanese Journal of Sport Education Studies 32, no. 2 (2013): 31–46. doi:10.7219/jjses.32.2_31.
10.18778/0208-6021.310.01	27	acm-sig-proceedings	[1]Gajdka, J. 2015. Introduction. Acta Universitatis Lodziensis. Folia oeconomica. 1, 310 (2015).
10.18778/0208-6021.310.01	27	american-chemical-society-author-date	Gajdka, J. Introduction. Acta Universitatis Lodziensis. Folia oeconomica 2015, 1.
10.1177/2058460115578324	28	iso690-author-date-en	EWERTSEN, Caroline, KONDZIELLA, Daniel, DANIELSEN, Else R and THOMSEN, Carsten, 2015, Good outcome after posterior reversible encephalopathy syndrome (PRES) despite elevated cerebral lactate: a case report. Acta Radiologica Open [online]. June 2015. Vol. 4, no. 6, p. 205846011557832. DOI 10.1177/2058460115578324. Available from: http://dx.doi.org/10.1177/2058460115578324
10.1007/bf02227356	29	council-of-science-editors	1. Herff O. Ein Beitrag zur vaginalen Total-Exstirpation der Gebärmutter. Archiv für Gynäkologie [Internet]. 1885 June;26(2):315–326. Available from: http://dx.doi.org/10.1007/bf02227356
10.1007/978-3-540-87866-7_147	30	american-society-of-mechanical-engineers	[1] Sukhoruchkin S. I., and Soroko Z. N., 2009, “Neutron Resonance Parameters for Ag-107 (Silver),” Landolt-Börnstein - Group I Elementary Particles, Nuclei and Atoms, pp. 2305–2334.
10.1007/978-3-540-87866-7_147	30	iso690-author-date-en	SUKHORUCHKIN, S.I. and SOROKO, Z.N., 2009, Neutron Resonance Parameters for Ag-107 (Silver). Landolt-Börnstein - Group I Elementary Particles, Nuclei and Atoms [online]. 2009. P. 2305–2334. DOI 10.1007/978-3-540-87866-7_147. Available from: http://dx.doi.org/10.1007/978-3-540-87866-7_147
10.1007/978-3-540-87866-7_147	30	ieee	[1]S. I. Sukhoruchkin and Z. N. Soroko, “Neutron Resonance Parameters for Ag-107 (Silver),” Landolt-Börnstein - Group I Elementary Particles, Nuclei and Atoms, pp. 2305–2334, 2009.
10.1007/978-3-540-87866-7_147	30	chicago-annotated-bibliography	Sukhoruchkin, S.I., and Z.N. Soroko. “Neutron Resonance Parameters for Ag-107 (Silver).” Landolt-Börnstein - Group I Elementary Particles, Nuclei and Atoms (2009): 2305–2334. doi:10.1007/978-3-540-87866-7_147.
10.1080/01411599308207815	31	american-medical-association	1. Zapart MB, Zapart W. Investigations of incommensurate phase in KSc(WO4)2. Phase Transitions. 1993;43(1-4):173–178. doi:10.1080/01411599308207815.
10.1590/0102-311x00120215	32	american-medical-association	1. Arroyave LJO, Restrepo-Méndez MC, Horta BL, Menezes AMB, Gigante DP, Gonçalves H. Tendências e desigualdades nos comportamentos de risco em adolescentes: comparação das coortes de nascimentos de Pelotas, Rio Grande do Sul, Brasil. Cadernos de Saúde Pública. 2016;32(9). doi:10.1590/0102-311x00120215.
10.1590/0102-311x00120215	32	ieee	[1]L. J. O. Arroyave, M. C. Restrepo-Méndez, B. L. Horta, A. M. B. Menezes, D. P. Gigante, and H. Gonçalves, “Tendências e desigualdadess nos comportamentos de risco em adolescentes: comparação das coortes de nascimentos de Pelotas, Rio Grande do Sul, Brasil,” Cadernos de Saúde Pública, vol. 32, no. 9, 2016.
10.1590/0102-311x00120215	32	council-of-science-editors	1. Arroyave LJO, Restrepo-Méndez MC, Horta BL, Menezes AMB, Gigante DP, Gonçalves H. Tendências e desigualdades nos comportamentos de risco em adolescentes: comparação das coortes de nascimentos de Pelotas, Rio Grande do Sul, Brasil. Cadernos de Saúde Pública [Internet]. 2016;32(9). Available from: http://dx.doi.org/10.1590/0102-311x00120215
10.1007/978-1-4939-2140-9_1	33	modern-language-association	Esteves, Sandro C., Glenn L. Schattman, and Ashok Agarwal. “Definitions and Relevance of Unexplained Infertility in Reproductive Medicine.” Unexplained Infertility (2015): 3–5. Crossref. Web.
10.1007/978-1-4939-2140-9_1	33	mcgill-en	Esteves, Sandro C, Glenn L Schattman & Ashok Agarwal. “Definitions and Relevance of Unexplained Infertility in Reproductive Medicine” (2015) Unexplained Infertility 3, online: <http://dx.doi.org/10.1007/978-1-4939-2140-9_1>.
10.1016/j.appet.2014.12.110	34	american-society-of-mechanical-engineers	[1] Finnikin S., 2015, “Weight perception and knowledge of health implications amongst primary care populations,” Appetite, 87, p. 373.
10.1016/j.appet.2014.12.110	34	chicago-annotated-bibliography	Finnikin, S. “Weight Perception and Knowledge of Health Implications Amongst Primary Care Populations.” Appetite 87 (April 2015): 373. doi:10.1016/j.appet.2014.12.110.
10.1007/978-3-319-78169-3_14	35	american-society-of-mechanical-engineers	[1] Pistoiaa E., 2018, “The EU and the Turkish Recognition of the Armenian ‘Genocide’ in the Broader Framework of the EU External Action: A Tale of Possibilities Yet to Be Explored,” The Armenian Massacres of 1915–1916 a Hundred Years Later, pp. 313–332.
10.1007/978-3-322-98586-6_5	36	american-sociological-association	Stuchlik, Franz. 1968. “Einsatzmöglichkeiten.” Programmgesteuertee Universalrechner 72–74. Retrieved (http://dx.doi.org/10.1007/978-3-322-98586-6_5).
10.1007/978-3-322-98586-6_5	36	chicago-annotated-bibliography	Stuchlik, Franz. “Einsatzmöglichkeiten.” Programmgesteuerte Universalrechner (1968): 72–74. doi:10.1007/978-3-322-98586-6_5.
10.1007/978-3-322-98586-6_5	36	iso690-author-date-en	STUCHLIK, Franz, 1968, Einsatzmöglichkeiten. Programmgesteuerte Universalrechner [online]. 1968. P. 72–74. DOI 10.1007/978-3-322-98586-6_5. Available from: http://dx.doi.org/10.1007/978-3-322-98586-6_5
10.1007/978-3-322-98586-6_5	36	mcgill-en	Stuchlik, Franz. “Einsatzmöglichkeiten” (1968) Programmgesteuerte Universalrechner 72, online: <http://dx.doi.org/10.1007/978-3-322-98586-6_5>.
10.1007/978-3-322-98586-6_5	36	ieee	[1]F. Stuchlik, “Einsatzmöglichkeiten,” Programmgesteuerte Universalrechner, pp. 72–74, 1968.
10.1109/leos.2005.1547999	37	apa	Sandvik, P., Burr, K., Soloviev, S., Arthur, S., Matocha, K., Kretchmer, J., … Brown, D. (2005). SiC photodetectors for industrial applications. 2005 IEEE LEOS Annual Meeting Conference Proceedings. doi:10.1109/leos.2005.1547999
10.1109/leos.2005.1547999	37	iso690-author-date-en	SANDVIK, P., BURR, K., SOLOVIEV, S., ARTHUR, S., MATOCHA, K., KRETCHMER, J., LOMBARDO, L. and BROWN, D., 2005, SiC photodetectors for industrial applications. 2005 IEEE LEOS Annual Meeting Conference Proceedings [online]. 2005. DOI 10.1109/leos.2005.1547999. Available from: http://dx.doi.org/10.1109/leos.2005.1547999
10.1109/leos.2005.1547999	37	acm-sig-proceedings	[1]Sandvik, P. et al. 2005. SiC photodetectors for industrial applications. 2005 IEEE LEOS Annual Meeting Conference Proceedings. (2005).
10.1109/leos.2005.1547999	37	chicago-annotated-bibliography	Sandvik, P., K. Burr, S. Soloviev, S. Arthur, K. Matocha, J. Kretchmer, L. Lombardo, and D. Brown. “SiC Photodetectors for Industrial Applications.” 2005 IEEE LEOS Annual Meeting Conference Proceedings (2005). doi:10.1109/leos.2005.1547999.
10.1007/978-1-4684-7968-3_3	38	american-sociological-association	Duttagupta, Ashish K., and David L. Shellenbarger. 1980. “Genetics of Minute Locus in Drosophila Melanogaster.” Development and Neurobiology of Drosophila 25–33. Retrieved (http://dx.doi.org/10.1007/978-1-4684-7968-3_3).
10.1143/jpsj.57.2401	39	mcgill-en	Ikuta, Nobuaki, Akihide Takeda & Kohji Yamamoto. “Transport Characteristics of Electron Swarm in Model Ramsauer Gases under Electric Field” (1988) 57:7 Journal of the Physical Society of Japan 2401, online: <http://dx.doi.org/10.1143/jpsj.57.2401>.
10.1143/jpsj.57.2401	39	chicago-annotated-bibliography	Ikuta, Nobuaki, Akihidee Takeda, and Kohji Yamamoto. “Transport Characteristics of Electron Swarm in Model Ramsauer Gases Under Electric Field.” Journal of the Physical Society of Japan 57, no. 7 (July 15, 1988): 2401–2415. doi:10.1143/jpsj.57.2401.
10.1143/jpsj.57.2401	39	modern-humanities-research-association	Ikuta, Nobuaki, Akihide Takeda, and Kohji Yamamoto, ‘Transport Characteristics of Electron Swarm in Model Ramsauer Gases Under Electric Field’, Journal of the Physical Society of Japan, 57 (1988), 2401–2415 <doi:10.1143/jpsj.57.2401>
10.1143/jpsj.57.2401	39	apa	Ikuta, N., Takeda, A., & Yamamoto, K. (1988). Transport Characteristics of Electron Swarm in Model Ramsauer Gases under Electric Field. Journal of the Physical Society of Japan, 57(7), 2401–2415. doi:10.1143/jpsj.57.2401
10.1139/p89-136	40	ieee	[1]A. B. McDonald, “Nuclear tests of fundamental interactions,” Canadian Journal of Physics, vol. 67, no. 8, pp. 785–791, Aug. 1989.
10.1139/p89-136	40	iso690-author-date-en	MCDONALD, A. B., 1989, Nuclear tests of fundamental interactions. Canadian Journal of Physics [online]. August 1989. Vol. 67, no. 8, p. 785–791. DOI 10.1139/p89-136. Available from: http://dx.doi.org/10.1139/p89-136
10.1139/p89-136	40	american-society-of-mechanical-engineers	[1] McDonald A. B., 1989, “Nuclear tests of fundamental interactions,” Canadian Journal of Physics, 67(8), pp. 785–791.
10.1111/josp.12137	41	american-society-of-mechanical-engineers	[1]2015, “Recognition of Reviewers,” Journall of Social Philosophy, 46(4), pp. 393–397.
10.1037/e518572013-264	42	iso690-author-date-en	CANALI, Kristophor G., LEWIS, W. Robert, FERRIS, Jonathan and BARNES-FARRELL, Janet L., 2006, The Role of Social Discomfort in Understanding Performance Appraisal Anxiety. PsycEXTRA Dataset [online]. 2006. DOI 10.1037/e518572013-264. Available from: http://dx.doi.org/10.1037/e518572013-264
10.1037/e518572013-264	42	american-society-of-mechanical-engineers	[1] Canali K. G., Lewis W. R., Ferris J., and Barnes-Farrell J. L., 2006, “The Role of Social Discomfort in Understanding Performance Appraisal Anxiety,” PsycEXTRA Dataset.
10.1016/j.ijsrc.2017.09.002	44	mcgill-en	Sun, Jian et al. “Processes of dike-break induced flows: A combined experimental and numerical model study” (2017) 32:4 International Journal of Sediment Research 465, online: <http://dx.doi.org/10.1016/j.ijsrc.2017.09.002>.
10.1016/j.ijsrc.2017.09.002	44	turabian-fullnote-bibliography	Sun, Jian, Lingwei Lu, Binliang Lin, and Lu Liu. “Processes of Dike-Break Induced Flows: A Combined Experimental and Numerical Model Study.” International Journal of Sediment Research 32, no. 4 (December 2017): 465–471. http://dx.doi.org/10.1016/j.ijsrc.2017.09.002.
10.1007/978-1-4419-9857-6_1	45	chicago-annotated-bibliography	Fraser, Cynthia. “Statistics for Decision Making and Competitive Advantage.” Business Statistics for Competitive Advantage with Excel 2010 (September 23, 2011): 1–3. doi:10.1007/978-1-4419-9857-6_1.
10.1007/978-1-4419-9857-6_1	45	iso690-author-date-en	FRASER, Cynthia, 2011, Statistics for Decision Making and Competitive Advantage. Business Statistics for Competitive Advantage with Excel 2010 [online]. 23 September 2011. P. 1–3. DOI 10.1007/978-1-4419-9857-6_1. Available from: http://dx.doi.org/10.1007/978-1-4419-9857-6_1
10.1007/978-1-4419-9857-6_1	45	acm-sig-proceedings	[1]Fraser, C. 2011. Statistics for Decision Making and Competitive Advantage. Business Statistics for Competitive Advantage with Excel 2010. (Sep. 2011), 1–3.
10.1007/978-1-4419-9857-6_1	45	apa	Fraser, C. (2011). Statistics for Decision Making and Competitive Advantage. Business Statistics for Competitive Advantage with Excel 2010, 1–3. doi:10.1007/978-1-4419-9857-6_1
10.2307/400787	46	american-sociological-association	Steiner, Herbert. 1941. “Der Briefwechsel George-Hofmannsthal.” The German Quarterly 14(2):84. Retrieved (http://dx.doi.org/10.2307/400787).
10.1081/scc-120003144	47	council-of-science-editors	1. Huang D, Wang J-X, Hu Y, Zhang Y, Tang J. A NEW SOLVENT-FREE SYNTHESIS OF α,β-UNSATURATED KETONES FROM ACETALS WITH ARYL KETONES UNDER MICROWAVE IRRADIATION. Synthetic Communications [Internet]. 2002 January;32(7):971–979. Available from: http://dx.doi.org/10.1081/scc-120003144
10.1081/scc-120003144	47	apa	Huang, D., Wang, J.-X., Hu, Y., Zhang, Y., & Tang, J. (2002). A NEW SOLVENT-FREE SYNTHESIS OF α,β-UNSATURATED KETONES FROM ACETALS WITH ARYL KETONES UNDER MICROWAVE IRRADIATION. Synthetic Communications, 32(7), 971–979. doi:10.1081/scc-120003144
10.1081/scc-120003144	47	ieee	[1]D. Huang, J.-X. Wang, Y. Hu, Y. Zhang, and J. Tang, “A NEW SOLVENT-FREE SYNTHESIS OF α,β-UNSATURATED KETONES FROM ACETALS WITH ARYL KETONES UNDER MICROWAVE IRRADIATION,” Synthetic Communications, vol. 32, no. 7, pp. 971–979, Jan. 2002.
10.1081/scc-120003144	47	american-society-of-mechanical-engineers	[1] Huang D., Wang J.-X., Hu Y., Zhang Y., and Tang J., 2002, “A NEW SOLVENT-FREE SYNTHESIS OF α,β-UNSATURATED KETONES FROM ACETALS WITH ARYL KETONES UNDER MICROWAVE IRRADIATION,” Synthetic Communications, 32(7), pp. 971–979.
10.1046/j.1464-4096.2001.01642.x	48	ieee	[1]K. Nakamura, C. Fujiyama, Y. Tokuda, H. Sugihara, and Z. Masaki, “Bladder cancer cell implantation in reconstructed bladder in vitro: a model of tumour recurrence,” BJU International, vol. 89, no. 1, pp. 119–125, Jun. 2008.
10.1046/j.1464-4096.2001.01642.x	48	american-medical-association	1. Nakamura K, Fujiyama C, Tokuda Y, Sugihara H, Masaki Z. Bladder cancer cell implantation in reconstructed bladder in vitro: a model of tumour recurrence. BJU International. 2008;89(1):119–125. doi:10.1046/j.1464-410x.2002.02522.x.
10.1046/j.1464-4096.2001.01642.x	48	modern-humanities-research-association	Nakamura, K., C. Fujiyama, Y. Tokuda, H. Sugihara, and Z. Masaki, ‘Bladder Cancer Cell Implantation in Reconstructed Bladder in Vitro: a Model of Tumour Recurrence’, BJU International, 89 (2008), 119–125 <doi:10.1046/j.1464-410x.2002.02522.x>
10.1016/0022-3093(83)90611-7	49	modern-humanities-research-association	Yamaguchi, Masaaki, ‘Effects of Light Irradiation and Adsorption on Thermally Stimulated Currents in Hydrogenated Amorphous Silicon’, Journal of Non-Crystalline Solids, 59-60 (1983), 425–428 <doi:10.1016/0022-3093(83)90611-7>
10.3109/01676838609036048	50	apa	Bahgat, M. M. (1986). Comparative study of local injection therapy of chalazia. Orbit, 5(3), 219–222. doi:10.3109/01676838609036048
10.3109/01676838609036048	50	chicago-annotated-bibliography	Bahgat, Mostafa M. “Comparative Study of Local Injection Therapy of Chalazia.” Orbit 5, no. 3 (January 1986): 219–222. doi:10.3109/01676838609036048.
10.3109/01676838609036048	50	council-of-science-editors	1. Bahgat MM. Comparative study of local injection therapy of chalazia. Orbit [Internet]. 1986 January;5(3):219–222. Available from: http://dx.doi.org/10.3109/01676838609036048
10.1093/odnb/9780192683120.013.17497	51	ieee	[1]“Macfarren, Georgee (1788–1843),” Oxford Dictionary of National Biography, Nov. 2017.
10.1063/1.5023811	52	american-society-of-mechanical-engineers	[1] Swanson D. E., Reich C., Abbas A., Shimpi T., Liu H., Ponce F. A., Walls J. M., Zhang Y.-H., Metzger W. K., Sampath W. S., and Holman Z. C., 2018, “CdCl2 passivation of polycrystalline CdMgTe and CdZnTe absorbers for tandem photovoltaic cells,” Journal of Applied Physics, 123(20), p. 203101.
10.1016/j.bpj.2014.12.002	53	chicago-annotated-bibliography	Verkhovsky, Alexander B. “Three-Dimensional Forces for Two-Dimensional Motion.” Biophysical Journal 108, no. 4 (February 2015): 781–782. doi:10.1016/j.bpj.2014.12.002.
10.1016/j.bpj.2014.12.002	53	modern-humanities-research-association	Verkhovsky, Alexander B., ‘Three-Dimensional Forces for Two-Dimensional Motion’, Biophysical Journal, 108 (2015), 781–782 <doi:10.1016/j.bpj.2014.12.002>
10.1016/j.bpj.2014.12.002	53	american-chemical-society-author-date	Verkhovsky, A. B. Three-Dimensional Forces for Two-Dimensional Motion. Biophysical Journal 2015, 108, 781–782.
10.1787/itcs-v2013-4-table241-fr	54	modern-language-association	“23 Caoutchouc Brut (dont Synthétique et Régénéré) : Corée.” (2013): n. pag. Crossref. Web.
10.1787/itcs-v2013-4-table241-fr	54	american-society-of-mechanical-engineers	[1]2013, “23 Caoutchouc brut (dont synthétique et régénéré) : Corée.”
10.1787/itcs-v2013-4-table241-fr	54	american-chemical-society-author-date	23 Caoutchouc Brut (dont Synthétique et Régénéré) : Corée. 2013.
10.1787/itcs-v2013-4-table241-fr	54	acm-sig-proceedings	[1]2013. 23 Caoutchouc brut (dont synthétique et régénéré) : Corée. (Nov. 2013).
10.1787/itcs-v2013-4-table241-fr	54	iso690-author-date-en	, 2013, 23 Caoutchouc brut (dont synthétique et régénéré) : Corée. [online]. 22 November 2013. DOI 10.1787/itcs-v2013-4-table241-fr. Available from: http://dx.doi.org/10.1787/itcs-v2013-4-table241-fr
10.1016/0953-7112(93)90057-k	55	american-chemical-society-author-date	Self-Assessment Questions: Aspects of Glandular Dysfunction and Response. Current Anaesthesia & Critical Care 1993, 4, 59–61.
10.1016/0953-7112(93)90057-k	55	mcgill-en	“Self-assessment questions: Aspects of glandular dysfunction and response” (1993) 4:1 Current Anaesthesia & Critical Care 59, online: <http://dx.doi.org/10.1016/0953-7112(93)90057-k>.
10.1016/0953-7112(93)90057-k	55	council-of-science-editors	1. Anon. Self-assessment questions: Aspects of glandular dysfunction and response. Current Anaesthesia & Critical Care [Internet]. 1993 February;4(1):59–61. Available from: http://dx.doi.org/10.1016/0953-7112(93)90057-k
10.1080/21568235.2015.1044545	56	ieee	[1]Y. Lebeau and A. Cochrane, “Rethinking the ‘third mission’: UK universities and regional engagement in challenging times,” European Journal of Higher Education, vol. 5, no. 3, pp. 250–263, Jul. 2015.
10.1080/21568235.2015.1044545	56	chicago-annotated-bibliography	Lebeau, Yann, and Allan Cochrane. “Rethinking the ‘third Mission’: UK Universities and Regional Engagement in Challenging Times.” European Journal of Higher Education 5, no. 3 (July 3, 2015): 250–263. doi:10.1080/21568235.2015.1044545.
10.1080/21568235.2015.1044545	56	american-medical-association	1. Lebeau Y, Cochrane A. Rethinking the “third mission”: UK universities and regional engagement in challenging times. European Journal of Higher Education. 2015;5(3):250–263. doi:10.1080/21568235.2015.1044545.
10.1055/b-0034-14729	57	turabian-fullnote-bibliography	Van Waes, Hubertus J. M., and Paul W. Stöckli, eds. “Lokalanästhesie.” Kinderzahnmedizin (2001). http://dx.doi.org/10.1055/b-0034-14729.
10.1055/b-0034-14729	57	american-chemical-society-author-date	Lokalanästhesie. Kinderzahnmedizin 2001.
10.1055/b-0034-14729	57	american-sociological-association	Van Waes, Hubertus J. M., and Paul W. Stöckli, eds. 2001. “Lokalanästhesie.” Kinderzahnmedizin. Retrieved (http://dx.doi.org/10.1055/b-0034-14729).
10.1021/j100355a017	58	ieee	[1]M. Hoshino, M. Kogure, K. Amano, and T. Hinohara, “Dual photodissociation of axial ligands in six-coordinate cobalt(III) tetraphenylporphyrins,” The Journal of Physical Chemistry, vol. 93, no. 18, pp. 6655–6659, Sep. 1989.
10.1021/j100355a017	58	apa	Hoshino, M., Kogure, M., Amano, K., & Hinohara, T. (1989). Dual photodissociation of axial ligands in six-coordinate cobalt(III) tetraphenylporphyrins. The Journal of Physical Chemistry, 93(18), 6655–6659. doi:10.1021/j100355a017
10.1016/j.jssc.2005.11.008	59	modern-language-association	Rodríguez-Reyna, E. et al. “Structural, Microstructurall and Vibrational Characterization of Apatite-Type Lanthanum Silicates Prepared by Mechanical Milling.” Journal of Solid State Chemistry 179.2 (2006): 522–531. Crossref. Web.
10.1016/j.jssc.2005.11.008	59	turabian-fullnote-bibliography	Rodríguez-Reyna, E., A.F. Fuentes, M. Maczka, J. Hanuza, K. Boulahya, and U. Amador. “Structural, Microstructurall and Vibrational Characterization of Apatite-Type Lanthanum Silicates Prepared by Mechanical Milling.” Journal of Solid State Chemistry 179, no. 2 (February 2006): 522–531. http://dx.doi.org/10.1016/j.jssc.2005.11.008.
10.1016/j.jssc.2005.11.008	59	american-medical-association	1. Rodríguez-Reyna E, Fuentess AF, Maczka M, Hanuza J, Boulahya K, Amador U. Structural, microstructural and vibrational characterization of apatite-type lanthanum silicates prepared by mechanical milling. Journal of Solid State Chemistry. 2006;179(2):522–531. doi:10.1016/j.jssc.2005.11.008.
10.1016/j.jssc.2005.11.008	59	american-chemical-society-author-date	Rodríguez-Reyna, E.; Fuentes, A. F.; Maczka, M.; Hanuza, J.; Boulahya, K.; Amador, U. Structural, Microstructural and Vibrational Characterization of Apatite-Type Lanthanum Silicates Prepared by Mechanical Milling. Journal of Solid State Chemistry 2006, 179, 522–531.
10.1016/j.jssc.2005.11.008	59	modern-humanities-research-association	Rodríguez-Reyna, E., A.F. Fuentes, M. Maczka, J. Hanuza, K. Boulahya, and U. Amador, ‘Structural, Microstructural and Vibrational Characterization of Apatite-Type Lanthanum Silicates Prepared by Mechanical Milling’, Journal of Solid State Chemistry, 179 (2006), 522–531 <doi:10.1016/j.jssc.2005.11.008>
10.1002/sys.21474	60	american-chemical-society-author-date	Kordova, S.; Katz, E.; Frank, M. Managing Development projects—The Partnership Between Project Managers and Systems Engineers. Systems Engineering 2018, 22, 227–242.
10.1002/sys.21474	60	acm-sig-proceedings	[1]Kordova, S. et al. 2018. Managing development projects—The partnership between project managers and systems engineers. Systems Engineering. 22, 3 (Nov. 2018), 227–242.
10.1002/sys.21474	60	american-sociological-association	Kordova, Sigal, Eyal Katz, and Moti Frank. 2018. “Managing Development projects—The Partnership Between Project Managers and Systems Engineers.” Systems Engineering 22(3):227–42. Retrieved (http://dx.doi.org/10.1002/sys.21474).
10.1088/0953-4075/40/16/002	61	modern-humanities-research-association	Li, Shujing, Xudongg Yang, Xuemin Cao, Changde Xie, and Hai Wang, ‘Two Electromagnetically Induced Transparency Windows and an Enhanced Electromagnetically Induced Transparency Signal in a Four-Level Tripod Atomic System’, Journal of Physics B: Atomic, Molecular and Optical Physics, 40 (2007), 3211–3219 <doi:10.1088/0953-4075/40/16/002>
10.1088/0953-4075/40/16/002	61	modern-language-association	Li, Shujing et al. “Two Electromagnetically Induced Transparency Windows and an Enhanced Electromagnetically Induced Transparency Signal in a Four-Level Tripod Atomic System.” Journal of Physics B: Atomic, Molecular and Optical Physics 40.16 (2007): 3211–3219. Crossref. Web.
10.1088/0953-4075/40/16/002	61	apa	Li, S., Yang, X., Cao, X., Xie, C., & Wang, H. (2007). Two electromagnetically induced transparency windows and an enhanced electromagnetically induced transparency signal in a four-level tripod atomic system. Journal of Physics B: Atomic, Molecular and Optical Physics, 40(16), 3211–3219. doi:10.1088/0953-4075/40/16/002
10.1088/0953-4075/40/16/002	61	american-medical-association	1. Li S, Yang X, Cao X, Xie C, Wang H. Two electromagnetically induced transparency windows and an enhanced electromagnetically induced transparency signal in a four-level tripod atomic system. Journal of Physics B: Atomic, Molecular and Optical Physics. 2007;40(16):3211–3219. doi:10.1088/0953-4075/40/16/002.
10.2497/jjspm.28.276	62	iso690-author-date-en	MAKINO, Kazutaka, 1981, Journal of the Japan Society of Powder and Powder Metallurgy [online]. 1981. Vol. 28, no. 8, p. 276–281. DOI 10.2497/jjspm.28.276. Available from: http://dx.doi.org/10.2497/jjspm.28.276
10.2497/jjspm.28.276	62	american-chemical-society-author-date	Makino, K. Journall of the Japan Society of Powder and Powder Metallurgy 1981, 28, 276–281.
10.2497/jjspm.28.276	62	turabian-fullnote-bibliography	Makino, Kazutaka. Journal of the Japan Society of Powder and Powder Metallurgy 28, no. 8 (1981): 276–281. http://dx.doi.org/10.2497/jjspm.28.276.
10.2497/jjspm.28.276	62	modern-humanities-research-association	Makino, Kazutaka, Journal of the Japan Society of Powder and Powder Metallurgy, 28 (1981), 276–281 <doi:10.2497/jjspm.28.276>
10.1016/j.apsusc.2010.03.060	63	turabian-fullnote-bibliography	Chen, Xinyu, Min Jia, Guozhu Liu, Xiangwen Zhang, Li Wang, and Zhentao Mi. “Catalytic Performance of Grafted Al-MCM-41 in Hydroisomerization of n-Dodecane.” Applied Surface Science 256, no. 20 (August 2010): 5856–5861. http://dx.doi.org/10.1016/j.apsusc.2010.03.060.
10.1016/j.apsusc.2010.03.060	63	modern-language-association	Chen, Xinyu et al. “Catalytic Performance of Grafted Al-MCM-41 in Hydroisomerization of n-Dodecane.” Applied Surface Science 256.20 (2010): 5856–5861. Crossref. Web.
10.1143/ptps.193.180	64	iso690-author-date-en	CSÖRGŐ, Tamás, ANTCHEV, G., ASPELL, P., ATANASSOV, I., AVATI, V., BAECHLER, J., BERARDI, V., BERRETTI, M., BOSSINI, E., BOZZO, M., BROGI, P., BRÜCKEN, E., BUZZO, A., CAFAGNA, F. S., CALICCHIO, M., CATANESI, M. G., COVAULT, C., CSANÁD, M., DEILE, M., DIMOVASILI, E., DOUBEK, M., EGGERT, K., EREMIN, V., FERRETTI, R., FERRO, F., FIERGOLSKI, A., GARCIA, F., GIANI, S., GRECO, V., GRZANKA, L., HEINO, J., HILDEN, T., INTONTI, M. R., JANDA, M., KAŠPAR, J., KOPAL, J., KUNDRÁT, V., KURVINEN, K., LAMI, S., LATINO, G., LAUHAKANGAS, R., LESZKO, T., LIPPMAA, E., LOKAJÍČEK, M., VETERE, M. Lo, RODRÍGUEZ, F. Lucas, MACRÍ, M., MAGALETTI, L., MAGAZZÙ, G., MERCADANTE, A., MEUCCI, M., MINUTOLI, S., NEMES, F., NIEWIADOMSKI, H., NOSCHIS, E., NOVÁK, T., OLIVERI, E., OLJEMARK, F., ORAVA, R., ORIUNNO, M., ÖSTERBERG, K., PALAZZI, P., PERROT, A.-L., PEDRESCHI, E., PETÄJÄJÄRVI, J., PROCHÁZKA, J., QUINTO, M., RADERMACHER, E., RADICIONI, E., RAVOTTI, F., ROBUTTI, E., ROPELEWSKI, L., RUGGIERO, G., SAARIKKO, H., SANGUINETTI, G., SANTRONI, A., SCRIBANO, A., SETTE, G., SNOEYS, W., SPINELLA, F., SZIKLAI, J., TAYLOR, C., TURINI, N., VACEK, V., VÍTEK, M., WELTI, J. and WHITMORE, J., 2012, Elastic Scattering and Total Cross-Section in p+p Reactions. Progress of Theoretical Physics Supplement [online]. 2012. Vol. 193, p. 180–183. DOI 10.1143/ptps.193.180. Available from: http://dx.doi.org/10.1143/ptps.193.180
10.1143/ptps.193.180	64	american-medical-association	1. Csörgő T, Antchev G, Aspell P, et al. Elastic Scattering and Total Cross-Section in p+p Reactions. Progress of Theoretical Physics Supplement. 2012;193:180–183. doi:10.1143/ptps.193.180.
10.17280/jdd.2008.8.2.034	65	turabian-fullnote-bibliography	Yoon Hyun Chul. “The Representation of Self-Identity in Video Phone TV Commercials.” Journal of Digital Design 8, no. 2 (April 2008): 349–358. http://dx.doi.org/10.17280/jdd.2008.8.2.034.
10.17280/jdd.2008.8.2.034	65	american-sociological-association	Yoon Hyun Chul. 2008. “The Representation of Self-Identity in Video Phone TV Commercials.” Journal of Digital Design 8(2):349–58. Retrieved (http://dx.doi.org/10.17280/jdd.2008.8.2.034).
10.1080/00231940.1977.11757882	66	apa	Irwin-Williams, C. (1977). Black Boxes and Multiple Working Hypotheses: Reconstructing the Economy of Early Southwest Hunters. KIVA, 42(3-4), 285–299. doi:10.1080/00231940.1977.11757882
10.1080/00231940.1977.11757882	66	american-medical-association	1. Irwin-Williams C. Black Boxes and Multiple Working Hypotheses: Reconstructing the Economy of Early Southwest Hunters. KIVA. 1977;42(3-4):285–299. doi:10.1080/00231940.1977.11757882.
10.1080/00231940.1977.11757882	66	mcgill-en	Irwin-Williams, Cynthia. “Black Boxes and Multiple Working Hypotheses: Reconstructing the Economy of Early Southwest Hunters” (1977) 42:3-4 KIVA 285, online: <http://dx.doi.org/10.1080/00231940.1977.11757882>.
10.1080/00231940.1977.11757882	66	ieee	[1]C. Irwin-Williams, “Black Boxes and Multiple Working Hypotheses: Reconstructing the Economy of Early Southwest Hunters,” KIVA, vol. 42, no. 3–4, pp. 285–299, Mar. 1977.
10.1016/0022-4804(76)90118-9	67	modern-humanities-research-association	Condon, Robert E., Matthew A. Kraus, and Donald Wollheim, ‘Cause of Increase in “lower Esophageal Sphincter” Pressure after Fundoplication’, Journal of Surgical Research, 20 (1976), 445–450 <doi:10.1016/0022-4804(76)90118-9>
10.3390/insects7040074	68	modern-humanities-research-association	Lilly, David, Cameron Webb, and Stephen Doggett, ‘Evidence of Tolerance to Silica-Based Desiccant Dusts in a Pyrethroid-Resistant Strain of Cimex Lectularius (Hemiptera: Cimicidae)’, Insects, 7 (2016), 74 <doi:10.3390/insects7040074>
10.3390/insects7040074	68	chicago-annotated-bibliography	Lilly, David, Cameron Webb, and Stephen Doggett. “Evidence of Tolerance to Silica-Based Desiccant Dusts in a Pyrethroid-Resistant Strain of Cimex Lectularius (Hemiptera: Cimicidae).” Insects 7, no. 4 (December 9, 2016): 74. doi:10.3390/insects7040074.
10.3390/insects7040074	68	ieee	[1]D. Lilly, C. Webb, and S. Doggett, “Evidence of Tolerance to Silica-Based Desiccant Dusts in a Pyrethroid-Resistant Strain of Cimex lectularius (Hemiptera: Cimicidae),” Insects, vol. 7, no. 4, p. 74, Dec. 2016.
10.1093/mnras/36.6.294	69	acm-sig-proceedings	[1]Webb, T.W. 1876. Note on the Two Exterior Satellites of Uranus. Monthly Notices of the Royal Astronomical Society. 36, 6 (Apr. 1876), 294–295.
10.1093/mnras/36.6.294	69	american-society-of-mechanical-engineers	[1] Webb T. W., 1876, “Note on the Two Exterior Satellites of Uranus,” Monthly Notices of the Royal Astronomical Society, 36(6), pp. 294–295.
10.1093/mnras/36.6.294	69	turabian-fullnote-bibliography	Webb, T. W. “Note on the Two Exterior Satellites of Uranus.” Monthly Notices of the Royal Astronomical Society 36, no. 6 (April 12, 1876): 294–295. http://dx.doi.org/10.1093/mnras/36.6.294.
10.1093/mnras/36.6.294	69	american-medical-association	1. Webb TW. Note on the Two Exterior Satellites of Uranus. Monthly Notices of the Royal Astronomical Society. 1876;36(6):294–295. doi:10.1093/mnras/36.6.294.
10.13109/9783666369438.177	70	chicago-annotated-bibliography	Barzilai, Maya. “Witnessing Dying in the Tongue of Revival: Shaul Tchernikhovsky’s World War I Poetry.” Jahrbuch Des Simon-Dubnow-Instituts / Simon Dubnow Institute Yearbook XIII/2014 (January 27, 2015): 177–192. doi:10.13109/9783666369438.177.
10.13109/9783666369438.177	70	american-sociological-association	Barzilai, Maya. 2015. “Witnessing Dying in the Tongue of Revival: Shaul Tchernikhovsky’s World War I Poetry.” Jahrbuch des Simon-Dubnow-Instituts / Simon Dubnow Institute Yearbook XIII/2014 177–92. Retrieved (http://dx.doi.org/10.13109/9783666369438.177).
10.13109/9783666369438.177	70	council-of-science-editors	1. Barzilai M. Witnessing Dying in the Tongue of Revival: Shaul Tchernikhovsky’s World War I Poetry. Jahrbuch des Simon-Dubnow-Instituts / Simon Dubnow Institute Yearbook XIII/2014 [Internet]. 2015 January 27:177–192. Available from: http://dx.doi.org/10.13109/9783666369438.177
10.13109/9783666369438.177	70	modern-language-association	Barzilai, Maya. “Witnessing Dying in the Tongue of Revival: Shaul Tchernikhovsky’s World War I Poetry.” Jahrbuch des Simon-Dubnow-Instituts / Simon Dubnow Institute Yearbook XIII/2014 (2015): 177–192. Crossref. Web.
10.1055/s-2007-984223	71	council-of-science-editors	1. Cristalli G, Manciocco V, Pellini R, Spriano G, Pichi B. Surgery and Intraoperative Radiation Therapy in Treatment of Advanced Cancer of the External and Middle Ear. Skull Base [Internet]. 2007;17(S 1). Available from: http://dx.doi.org/10.1055/s-2007-984223
10.1055/s-2007-984223	71	acm-sig-proceedings	[1]Cristalli, G. et al. 2007. Surgery and Intraoperative Radiation Therapy in Treatment of Advanced Cancer of the External and Middle Ear. Skull Base. 17, S 1 (2007).
10.1055/s-2007-984223	71	iso690-author-date-en	CRISTALLI, Giovanni, MANCIOCCO, Valentina, PELLINI, Raul, SPRIANO, Giuseppe and PICHI, B., 2007, Surgery and Intraoperative Radiation Therapy in Treatment of Advanced Cancer of the External and Middle Ear. Skull Base [online]. 2007. Vol. 17, no. S 1. DOI 10.1055/s-2007-984223. Available from: http://dx.doi.org/10.1055/s-2007-984223
10.1055/s-2007-984223	71	modern-language-association	Cristalli, Giovanni et al. “Surgery and Intraoperative Radiation Therapy in Treatment of Advanced Cancer of the External and Middle Ear.” Skull Base 17.S 1 (2007): n. pag. Crossref. Web.
10.1055/s-2007-984223	71	ieee	[1]G. Cristalli, V. Manciocco, R. Pellini, G. Spriano, and B. Pichi, “Surgery and Intraoperative Radiation Therapy in Treatment of Advanced Cancer of the External and Middle Ear,” Skull Base, vol. 17, no. S 1, 2007.
10.2305/iucn.uk.1998.rlts.t38491a10118136.en	72	american-society-of-mechanical-engineers	[1]1998, “Corypha macropoda: Johnson, D.,” IUCN Red List of Threatened Species.
10.1080/07362990600751803	73	american-sociological-association	Kazimirsky, Arseniy V. 2006. “Analysis ofBMAP/G/1 Queue with Reservation of Service.” Stochastic Analysis and Applications 24(4):703–18. Retrieved (http://dx.doi.org/10.1080/07362990600751803).
10.1080/07362990600751803	73	apa	Kazimirsky, A. V. (2006). Analysis ofBMAP/G/1 Queue with Reservation of Service. Stochastic Analysis and Applications, 24(4), 703–718. doi:10.1080/07362990600751803
10.1080/07362990600751803	73	turabian-fullnote-bibliography	Kazimirsky, Arseniy V. “Analysis ofBMAP/G/1 Queue with Reservation of Service.” Stochastic Analysis and Applications 24, no. 4 (August 2006): 703–718. http://dx.doi.org/10.1080/07362990600751803.
10.1080/07362990600751803	73	mcgill-en	Kazimirsky, Arseniy V. “Analysis ofBMAP/G/1 Queue with Reservation of Service” (2006) 24:4 Stochastic Analysis and Applications 703, online: <http://dx.doi.org/10.1080/07362990600751803>.
10.1109/aps.2010.5562029	74	modern-humanities-research-association	Rui Qiang, and Ji Chen, ‘Convergence Analysis of ASM-FDTD Method’, 2010 IEEE Antennas and Propagation Society International Symposium, 2010 <doi:10.1109/aps.2010.5562029>
10.1109/aps.2010.5562029	74	acm-sig-proceedings	[1]Rui Qiang and Ji Chen 2010. Convergence analysis of ASM-FDTD method. 2010 IEEE Antennas and Propagation Society International Symposium. (Jul. 2010).
10.1109/aps.2010.5562029	74	mcgill-en	Rui Qiang & Ji Chen. “Convergence analysis of ASM-FDTD method” (2010) 2010 IEEE Antennas and Propagation Society International Symposium, online: <http://dx.doi.org/10.1109/aps.2010.5562029>.
10.1007/s11420-008-9080-9	75	mcgill-en	Curiel, Rodolfo V et al. “Von Willebrand Factor, Red Cell Fragmentation, and Disease Activity in Systemic Lupus Erythematosus” (2008) 4:2 HSS Journal 170, online: <http://dx.doi.org/10.1007/s11420-008-9080-9>.
10.1007/s11420-008-9080-9	75	american-sociological-association	Curiel, Rodolfoo V. et al. 2008. “Von Willebrand Factor, Red Cell Fragmentation, and Disease Activity in Systemic Lupus Erythematosus.” HSS Journal 4(2):170–74. Retrieved (http://dx.doi.org/10.1007/s11420-008-9080-9).
10.1161/atvbaha.117.309919	76	american-medical-association	1. Tanratana P, Ellery P, Westmark P, Mast AE, Sheehan JP. Elevated Plasma Factor IXa Activity in Premenopausal Women on Hormonal Contraception. Arteriosclerosis, Thrombosis, and Vascular Biology. 2018;38(1):266–274. doi:10.1161/atvbaha.117.309919.
10.1161/atvbaha.117.309919	76	acm-sig-proceedings	[1]Tanratana, P. et al. 2018. Elevatedd Plasma Factor IXa Activity in Premenopausal Women on Hormonal Contraception. Arteriosclerosis, Thrombosis, and Vascular Biology. 38, 1 (Jan. 2018), 266–274.
10.1161/atvbaha.117.309919	76	chicago-annotated-bibliography	Tanratana, Pansakorn, Paul Ellery, Pamela Westmark, Alan E. Mast, and John P. Sheehan. “Elevated Plasma Factor IXa Activity in Premenopausal Women on Hormonal Contraception.” Arteriosclerosis, Thrombosis, and Vascular Biology 38, no. 1 (January 2018): 266–274. doi:10.1161/atvbaha.117.309919.
10.4095/130608	77	turabian-fullnote-bibliography	Hargrave, B T, and D J Lawrence. “Bibliography of Halifaxx Harbour and Bedford Basin” (1988). http://dx.doi.org/10.4095/130608.
10.4095/130608	77	iso690-author-date-en	HARGRAVE, B T and LAWRENCE, D J, 1988, Bibliography of Halifax Harbour and Bedford Basin. [online]. 1988. DOI 10.4095/130608. Available from: http://dx.doi.org/10.4095/130608
10.4095/130608	77	american-medical-association	1. Hargrave BT, Lawrence DJ. Bibliography of Halifax Harbour and Bedford Basin. 1988. doi:10.4095/130608.
10.4095/130608	77	american-chemical-society-author-date	Hargrave, B. T.; Lawrence, D. J. Bibliography of Halifax Harbour and Bedford Basin. 1988.
10.1007/978-1-4939-2125-6_8	78	american-chemical-society-author-date	Almond, R. G.; Mislevy, R. J.; Steinberg, L. S.; Yan, D.; Williamson, D. M. Parameters for Bayesian Network Models. Statistics for Social and Behavioral Sciences 2015, 241–278.
10.1007/978-1-4939-2125-6_8	78	iso690-author-date-en	ALMOND, Russell G., MISLEVY, Robert J., STEINBERG, Linda S., YAN, Duanli and WILLIAMSON, David M., 2015, Parameters for Bayesian Network Models. Statistics for Social and Behavioral Sciences [online]. 2015. P. 241–278. DOI 10.1007/978-1-4939-2125-6_8. Available from: http://dx.doi.org/10.1007/978-1-4939-2125-6_8
10.1007/978-1-4939-2125-6_8	78	mcgill-en	Almond, Russell G et al. “Parameters for Bayesian Network Models” (2015) Statistics for Social and Behavioral Sciences 241, online: <http://dx.doi.org/10.1007/978-1-4939-2125-6_8>.
10.1038/35052082	79	acm-sig-proceedings	[1]Stossel, T.P. et al. 2001. Filamins as integrators of cell mechanics and signalling. Nature Reviews Molecular Cell Biology. 2, 2 (Feb. 2001), 138–145.
10.1038/35052082	79	council-of-science-editors	1. Stossel TP, Condeelis J, Cooley L, Hartwig JH, Noegel A, Schleicher M, Shapiro SS. Filamins as integrators of cell mechanics and signalling. Nature Reviews Molecular Cell Biology [Internet]. 2001 February;2(2):138–145. Available from: http://dx.doi.org/10.1038/35052082
10.1007/bf02579508	80	american-sociological-association	Ridolfi, Cosimo. 1843. “D’Alcune Alterazioni Alle Quali Vanno Soggetti I Tuberi Della Batata.” Il Cimento 1(5-6):65–69. Retrieved (http://dx.doi.org/10.1007/bf02579508).
10.1007/bf02579508	80	council-of-science-editors	1. Ridolfi C. D’Alcune alterazioni alle quali vanno soggetti I tuberi della Batata. Il Cimento [Internet]. 1843 June;1(5-6):65–69. Available from: http://dx.doi.org/10.1007/bf02579508
10.1007/bf02579508	80	modern-humanities-research-association	Ridolfi, Cosimo, ‘D’Alcune Alterazionii Alle Quali Vanno Soggetti I Tuberi Della Batata’, Il Cimento, 1 (1843), 65–69 <doi:10.1007/bf02579508>
10.1007/bf02579508	80	american-chemical-society-author-date	Ridolfi, C. D’Alcune Alterazionii Alle Quali Vanno Soggetti I Tuberi Della Batata. Il Cimento 1843, 1, 65–69.
10.1177/108056999505800102	81	iso690-author-date-en	OBER, Scot, 1995, The Bulletin is Dead. Long Live the Quarterly ! Business Communication Quarterly [online]. March 1995. Vol. 58, no. 1, p. 3–4. DOI 10.1177/108056999505800102. Available from: http://dx.doi.org/10.1177/108056999505800102
10.1177/108056999505800102	81	american-sociological-association	Ober, Scot. 1995. “The Bulletin Is Dead. Long Live the Quarterly !” Business Communication Quarterly 58(1):3–4. Retrieved (http://dx.doi.org/10.1177/108056999505800102).
10.1177/108056999505800102	81	chicago-annotated-bibliography	Ober, Scot. “The Bulletin Is Dead. Long Live the Quarterly !” Business Communication Quarterly 58, no. 1 (March 1995): 3–4. doi:10.1177/108056999505800102.
10.1177/108056999505800102	81	ieee	[1]S. Ober, “The Bulletin is Dead. Long Live the Quarterly !,” Business Communication Quarterly, vol. 58, no. 1, pp. 3–4, Mar. 1995.
10.1177/108056999505800102	81	council-of-science-editors	1. Ober S. The Bulletin is Dead. Long Live the Quarterly ! Business Communication Quarterly [Internet]. 1995 March;58(1):3–4. Available from: http://dx.doi.org/10.1177/108056999505800102
10.1109/isgt-asia.2015.7387119	82	chicago-annotated-bibliography	Huynh, Duy C., and Nirmal Nair. “Economic Dispatch Integrating Wind Power Generation Farms Using Cuckoo Search Algorithm.” 2015 IEEE Innovative Smart Grid Technologies - Asia (ISGT ASIA) (November 2015). doi:10.1109/isgt-asia.2015.7387119.
10.1109/isgt-asia.2015.7387119	82	acm-sig-proceedings	[1]Huynh, D.C. and Nair, N. 2015. Economic dispatch integrating wind power generation farms using cuckoo search algorithm. 2015 IEEE Innovative Smart Grid Technologies - Asia (ISGT ASIA). (Nov. 2015).
10.1086/633063	83	american-medical-association	1. The Evacuation of Refugee Children Our Responsibility. Social Service Review. 1940;14(3):541–554. doi:10.1086/633063.
10.1086/633063	83	chicago-annotated-bibliography	“The Evacuation of Refugee Children Our Responsibility.” Social Service Review 14, no. 3 (September 1940): 541–554. doi:10.1086/633063.
10.1086/633063	83	american-chemical-society-author-date	The Evacuation of Refugee Children Our Responsibility. Social Service Review 1940, 14, 541–554.
10.1086/633063	83	mcgill-en	“The Evacuation of Refugee Children Our Responsibility” (1940) 14:3 Social Service Review 541, online: <http://dx.doi.org/10.1086/633063>.
10.4188/transjtmsj1948.7.623	84	modern-humanities-research-association	Imoto, J., ‘High-Speed Radiation Type Gas Singers.’, Journal of the Textile Machinary Society, 7 (1954), 623–627 <doi:10.4188/transjtmsj1948.7.623>
10.4188/transjtmsj1948.7.623	84	acm-sig-proceedings	[1]Imoto, J. 1954. High-Speed Radiation Type Gas Singers. Journal of the Textile Machinary Society. 7, 9 (1954), 623–627.
10.1016/j.atmosenv.2016.09.033	85	american-society-of-mechanical-engineers	[1] Jeanjean A. P. R., Monks P. S., and Leigh R. J., 2016, “Modelling the effectiveness of urban trees and grass on PM 2.5 reduction via dispersion and deposition at a city scale,” Atmospheric Environment, 147, pp. 1–10.
10.1016/j.atmosenv.2016.09.033	85	american-chemical-society-author-date	Jeanjean, A. P. R.; Monks, P. S.; Leigh, R. J. Modelling the Effectiveness of Urban Trees and Grass on PM 2.5 Reduction via Dispersion and Deposition at a City Scale. Atmospheric Environment 2016, 147, 1–10.
10.1016/j.atmosenv.2016.09.033	85	chicago-annotated-bibliography	Jeanjean, A.P.R., P.S. Monks, and R.J. Leigh. “Modelling the Effectiveness of Urban Trees and Grass on PM 2.5 Reduction via Dispersion and Deposition at a City Scale.” Atmospheric Environment 147 (December 2016): 1–10. doi:10.1016/j.atmosenv.2016.09.033.
10.1136/hrt.2008.146662	86	apa	Thomas, H. E., Avery, P. J., Ahmed, J. M., Edwards, R., Purcell, I., Zaman, A. G., … Keavney, B. D. (2008). Local vessel injury following percutaneous coronary intervention does not promote early mobilisation of endothelial progenitor cells in the absence of myocardial necrosis. Heart, 95(7), 555–558. doi:10.1136/hrt.2008.146662
10.1136/hrt.2008.146662	86	ieee	[1]H. E. Thomas, P. J. Avery, J. M. Ahmed, R. Edwards, I. Purcell, A. G. Zaman, H. M. Arthur, and B. D. Keavney, “Local vessel injury following percutaneous coronary intervention does not promote early mobilisation of endothelial progenitor cells in the absence of myocardial necrosis,” Heart, vol. 95, no. 7, pp. 555–558, Dec. 2008.
10.1136/hrt.2008.146662	86	american-sociological-association	Thomas, H. E. et al. 2008. “Local Vessel Injury Following Percutaneous Coronary Intervention Does Not Promote Early Mobilisation of Endothelial Progenitor Cells in the Absence of Myocardial Necrosis.” Heart 95(7):555–58. Retrieved (http://dx.doi.org/10.1136/hrt.2008.146662).
10.1136/hrt.2008.146662	86	modern-humanities-research-association	Thomas, H E, P J Avery, J M Ahmed, R Edwards, I Purcell, A G Zaman, and others, ‘Local Vessel Injury Following Percutaneous Coronary Intervention Does Not Promote Early Mobilisation of Endothelial Progenitor Cells in the Absence of Myocardial Necrosis’, Heart, 95 (2008), 555–558 <doi:10.1136/hrt.2008.146662>
10.1055/b-0034-69860	87	council-of-science-editors	1. Michaelis R, Niemann G eds. 11.2 Sprachentwicklungsstörung. Entwicklungsneurologie und Neuropädiatrie [Internet]. 2010. Available from: http://dx.doi.org/10.1055/b-0034-69860
10.1097/00000441-190108000-00037	88	ieee	[1]G. E. de Schweinitz, “Methyl Alcohol Amblyopia,” The American Journal of the Medical Sciences, vol. 122, no. 2, p. 247, Aug. 1901.
10.1097/00000441-190108000-00037	88	council-of-science-editors	1. De Schweinitz GE. Methyl Alcohol Amblyopia. The American Journal of the Medical Sciences [Internet]. 1901 August;122(2):247. Available from: http://dx.doi.org/10.1097/00000441-190108000-00040
10.1097/00000441-190108000-00037	88	apa	De Schweinitz, G. E. (1901). Methyl Alcohol Amblyopia. The American Journal of the Medical Sciences, 122(2), 247. doi:10.1097/00000441-190108000-00040
10.1145/99277.99279	89	council-of-science-editors	1. Garlann D, Ilias E. Low-cost, adaptable tool integration policies for integrated environments. Proceedings of the fourth ACM SIGSOFT symposium on Software development environments - SDE 4 [Internet]. 1990. Available from: http://dx.doi.org/10.1145/99277.99279
10.1145/99277.99279	89	ieee	[1]D. Garlan and E. Ilias, “Low-cost, adaptable tool integration policies for integrated environments,” Proceedings of the fourth ACM SIGSOFT symposium on Software development environments - SDE 4, 1990.
10.1145/99277.99279	89	turabian-fullnote-bibliography	Garlan, David, and Ehsan Ilias. “Low-Cost, Adaptable Tool Integration Policies for Integrated Environments.” Proceedings of the fourth ACM SIGSOFT symposium on Software development environments - SDE 4 (1990). http://dx.doi.org/10.1145/99277.99279.
10.1145/99277.99279	89	modern-humanities-research-association	Garlan, David, and Ehsan Ilias, ‘Low-Cost, Adaptable Tool Integration Policies for Integrated Environments’, Proceedings of the fourth ACM SIGSOFT symposium on Software development environments - SDE 4, 1990 <doi:10.1145/99277.99279>
10.1007/978-3-319-23512-7_43	90	american-sociological-association	Georgise, Fasika Bete, Klaus-Dieter Thoben, and Marcus Seifert. 2015. “Application of the Adapted SCOR Model to the Leather Industry: An Ethiopian Case Study.” Lecture Notes in Logistics 441–51. Retrieved (http://dx.doi.org/10.1007/978-3-319-23512-7_43).
10.1007/978-3-319-23512-7_43	90	american-chemical-society-author-date	Georgise, F. B.; Thoben, K.-D.; Seifert, M. Application of the Adapted SCOR Model to the Leather Industry: An Ethiopian Case Study. Lecture Notes in Logistics 2015, 441–451.
10.1007/978-3-319-23512-7_43	90	ieee	[1]F. B. Georgise, K.-D. Thoben, and M. Seifert, “Application of the Adaptedd SCOR Model to the Leather Industry: An Ethiopian Case Study,” Lecture Notes in Logistics, pp. 441–451, Dec. 2015.
10.3901/jme.2009.06.134	91	american-society-of-mechanical-engineers	[1] LIAO W., 2009, “Unsteady Flow Analysis of Francis Turbine,” Journal of Mechanical Engineering, 45(06), p. 134.
10.3901/jme.2009.06.134	91	council-of-science-editors	1. LIAO W. Unsteady Flow Analysis of Francis Turbine. Journal of Mechanical Engineering [Internet]. 2009;45(06):134. Available from: http://dx.doi.org/10.3901/jme.2009.06.134
10.3901/jme.2009.06.134	91	iso690-author-date-en	LIAO, Weili, 2009, Unsteady Flow Analysis of Francis Turbine. Journal of Mechanical Engineering [online]. 2009. Vol. 45, no. 06, p. 134. DOI 10.3901/jme.2009.06.134. Available from: http://dx.doi.org/10.3901/jme.2009.06.134
10.3901/jme.2009.06.134	91	modern-humanities-research-association	LIAO, Weili, ‘Unsteady Flow Analysis of Francis Turbine’, Journal of Mechanical Engineering, 45 (2009), 134 <doi:10.3901/jme.2009.06.134>
10.1017/s0360966900001699	92	iso690-author-date-en	WHELAN, Winifred, 2004, The Resurrection of Mary Magdalene. By Jane Schaberg. New York: Continuum, 2002. 379 pages. $35.00. Horizons [online]. 2004. Vol. 31, no. 2, p. 435–436. DOI 10.1017/s0360966900001699. Available from: http://dx.doi.org/10.1017/s0360966900001699
10.1017/s0360966900001699	92	council-of-science-editors	1. Whelan W. The Resurrection of Mary Magdalene. By Jane Schaberg. New York: Continuum, 2002. 379 pages. $35.00. Horizons [Internet]. 2004;31(2):435–436. Available from: http://dx.doi.org/10.1017/s0360966900001699
10.1017/s0360966900001699	92	modern-language-association	Whelan, Winifred. “The Resurrectionn of Mary Magdalene. By Jane Schaberg. New York: Continuum, 2002. 379 Pages. $35.00.” Horizons 31.2 (2004): 435–436. Crossref. Web.
10.1017/s0360966900001699	92	modern-humanities-research-association	Whelan, Winifred, ‘The Resurrection of Mary Magdalene. By Jane Schaberg. New York: Continuum, 2002. 379 Pages. $35.00.’, Horizons, 31 (2004), 435–436 <doi:10.1017/s0360966900001699>
10.5406/amerjtheophil.36.2.0140	93	american-chemical-society-author-date	Roothaan. The “Shamanic” Travels Of Jesus and Muhammad: Cross-Cultural and Transcultural Understandings of Religious Experience. American Journal of Theology & Philosophy 2015, 36, 140.
10.5406/amerjtheophil.36.2.0140	93	turabian-fullnote-bibliography	Roothaan. “The ‘Shamanic’ Travelss Of Jesus and Muhammad: Cross-Cultural and Transcultural Understandings of Religious Experience.” American Journal of Theology & Philosophy 36, no. 2 (2015): 140. http://dx.doi.org/10.5406/amerjtheophil.36.2.0140.
10.4054/demres.2002.7.3	94	council-of-science-editors	1. Saarela J, Finnäs F. Language-group Differences in Very Early Retirement in Finland. Demographic Research [Internet]. 2002 July 31;7:49–66. Available from: http://dx.doi.org/10.4054/demres.2002.7.3
10.4054/demres.2002.7.3	94	modern-humanities-research-association	Saarela, Jan, and Fjalar Finnäs, ‘Language-Group Differences in Very Early Retirement in Finland’, Demographic Research, 7 (2002), 49–66 <doi:10.4054/demres.2002.7.3>
10.4054/demres.2002.7.3	94	american-society-of-mechanical-engineers	[1] Saarela J., and Finnäs F., 2002, “Language-group Differences in Very Early Retirement in Finland,” Demographic Research, 7, pp. 49–66.
10.1016/s0016-5107(04)01537-8	95	iso690-author-date-en	CHEN, Jaime, CACHAY, Edward R and HUNT, Gordon C, 2004, Klebsiella oxytoca: a rare cause of severe infectious colitis: first North American case report. Gastrointestinal Endoscopy [online]. July 2004. Vol. 60, no. 1, p. 142–145. DOI 10.1016/s0016-5107(04)01537-8. Available from: http://dx.doi.org/10.1016/s0016-5107(04)01537-8
10.1016/s0016-5107(04)01537-8	95	american-society-of-mechanical-engineers	[1] Chen J., Cachayy E. R., and Hunt G. C., 2004, “Klebsiella oxytoca: a rare cause of severe infectious colitis: first North American case report,” Gastrointestinal Endoscopy, 60(1), pp. 142–145.
10.1016/s0016-5107(04)01537-8	95	turabian-fullnote-bibliography	Chen, Jaime, Edward R Cachay, and Gordon C Hunt. “Klebsiella Oxytoca: a Rare Cause of Severe Infectious Colitis: First North American Case Report.” Gastrointestinal Endoscopy 60, no. 1 (July 2004): 142–145. http://dx.doi.org/10.1016/s0016-5107(04)01537-8.
10.2105/ajph.47.4_pt_1.491	96	turabian-fullnote-bibliography	Hemschemeyer, H. “Nurse-Patient Relationships in a Hospital Maternity Service.” American Journal of Public Health 47, no. 4 Pt 1 (April 1, 1957): 491–491. http://dx.doi.org/10.2105/ajph.47.4_pt_1.491.
10.2105/ajph.47.4_pt_1.491	96	council-of-science-editors	1. Hemschemeyer H. Nurse-Patient Relationships in a Hospital Maternity Service. American Journal of Public Health [Internet]. 1957 April 1;47(4 Pt 1):491–491. Available from: http://dx.doi.org/10.2105/ajph.47.4_pt_1.491
10.1080/05704927008081692	97	modern-humanities-research-association	Merritt, C., ‘The Combination of Gas Chromatography With Mass Spectrometry’, Applied Spectroscopy Reviews, 3 (1970), 263–325 <doi:10.1080/05704927008081692>
10.1080/05704927008081692	97	mcgill-en	Merritt, C. “The Combination of Gas Chromatography With Mass Spectrometry” (1970) 3:1 Applied Spectroscopy Reviews 263, online: <http://dx.doi.org/10.1080/05704927008081692>.
10.1080/05704927008081692	97	turabian-fullnote-bibliography	Merritt, C. “The Combination of Gas Chromatography With Mass Spectrometry.” Applied Spectroscopy Reviews 3, no. 1 (January 1970): 263–325. http://dx.doi.org/10.1080/05704927008081692.
10.1080/05704927008081692	97	american-sociological-association	Merritt, C. 1970. “The Combination of Gas Chromatography With Mass Spectrometry.” Applied Spectroscopy Reviews 3(1):263–325. Retrieved (http://dx.doi.org/10.1080/05704927008081692).
10.2139/ssrn.3158040	98	american-medical-association	1. Johnson J, Theis J, Vitalis A, Young D. The Influence of Firmss Emissions Management Strategy on the Value-Relevance of Greenhouse Gas Emission Disclosures. SSRN Electronic Journal. 2018. doi:10.2139/ssrn.3158040.
10.2139/ssrn.3158040	98	apa	Johnson, J., Theis, J., Vitalis, A., & Young, D. (2018). The Influence of Firmss Emissions Management Strategy on the Value-Relevance of Greenhouse Gas Emission Disclosures. SSRN Electronic Journal. doi:10.2139/ssrn.3158040
10.2139/ssrn.3158040	98	american-society-of-mechanical-engineers	[1] Johnson J., Theis J., Vitalis A., and Young D., 2018, “The Influence of Firmss Emissions Management Strategy on the Value-Relevance of Greenhouse Gas Emission Disclosures,” SSRN Electronic Journal.
10.1016/j.ijfoodmicro.2006.09.005	99	modern-humanities-research-association	Samapundo, S., B. De Meulenaer, A. Atukwase, J. Debevere, and F. Devlieghere, ‘The Influence of Modified Atmospheres and Their Interaction with Water Activity on the Radial Growth and Fumonisin B1 Production of Fusarium Verticillioides and F. Proliferatum on Corn. Part I: The Effect of Initial Headspace Carbon Dioxide Concentration’, International Journal of Food Microbiology, 114 (2007), 160–167 <doi:10.1016/j.ijfoodmicro.2006.09.005>
10.1016/j.ijfoodmicro.2006.09.005	99	council-of-science-editors	1. Samapundo S, De Meulenaer B, Atukwase A, Debevere J, Devlieghere F. The influence of modified atmospheres and their interaction with water activity on the radial growth and fumonisin B1 production of Fusarium verticillioides and F. proliferatum on corn. Part I: The effect of initial headspace carbon dioxide concentration. International Journal of Food Microbiology [Internet]. 2007 March;114(2):160–167. Available from: http://dx.doi.org/10.1016/j.ijfoodmicro.2006.09.005
10.1016/j.ijfoodmicro.2006.09.005	99	american-society-of-mechanical-engineers	[1] Samapundo S., De Meulenaer B., Atukwase A., Debevere J., and Devlieghere F., 2007, “The influence of modified atmospheres and their interaction with water activity on the radial growth and fumonisin B1 production of Fusarium verticillioides and F. proliferatum on corn. Part I: The effect of initial headspace carbon dioxide concentration,” International Journal of Food Microbiology, 114(2), pp. 160–167.
10.1080/18128602.2012.661799	100	american-medical-association	1. Wei C, Asakura Y, Iryo T. The posterior probability distribution of traffic flow: a new scheme for the assignment of stochastic traffic flow. Transportmetrica A: Transport Science. 2013;9(8):753–771. doi:10.1080/18128602.2012.661799.
